{
  "products": [
    {
      "id": 1,
      "name": "Samsung galaxy s22",
      "price": 900,
      "description": "Ultimo nato nella famiglia Galaxy"
    },
    {
      "id": 2,
      "name": "Samsung galaxy s10",
      "price": 700,
      "description": "Primo nato nella famiglia Galaxy"
    },
    {
      "id": 3,
      "name": "Apple IPhone 13",
      "price": 800,
      "description": "Ottimo prodotto in commercio"
    },
    {
      "id": 4,
      "name": "Nokia 3310",
      "price": 50,
      "description": "Ottimo per imparare a palleggiare"
    }
  
  ]
}
